artist,grammy_wins,grammy_noms,metacritic,rolling_stone,grammy_signal,acclaim_score
Enya,4,7,68,1,15,0.40740171990171986
Animal Collective,0,0,0,0,0,0.0
The New Pornographers,0,0,0,0,0,0.0
Elliott Smith,0,1,85,2,1,0.4654176904176905
Mogwai,0,0,0,0,0,0.0
Radiohead,3,19,88,8,25,0.8013513513513513
Soundgarden,2,5,82,3,9,0.5217137592137593
Infected Mushroom,0,0,0,0,0,0.0
Thrice,0,0,0,0,0,0.0
Gorillaz,1,4,82,3,6,0.5095515970515971
The Black Keys,8,12,80,2,28,0.5521498771498772
Primus,0,0,0,0,0,0.0
Modest Mouse,0,2,84,2,2,0.46492628992629
Rammstein,0,1,76,1,1,0.3870085995085995
Cat Power,0,0,0,0,0,0.0
Beastie Boys,3,7,85,5,13,0.6265663390663392
Broken Social Scene,0,0,0,0,0,0.0
Thievery Corporation,0,0,0,0,0,0.0
Metallica,9,23,80,6,41,0.7548525798525798
Enigma,0,0,0,0,0,0.0
The Smiths,0,0,87,5,0,0.5829545454545455
Cake,0,0,0,0,0,0.0
The Mars Volta,0,0,0,0,0,0.0
Massive Attack,0,2,88,3,2,0.5206081081081082
As I Lay Dying,0,0,0,0,0,0.0
Amon Amarth,0,0,0,0,0,0.0
Rise Against,0,0,0,0,0,0.0
PJ Harvey,0,3,85,3,3,0.5110257985257985
In Flames,0,0,0,0,0,0.0
Shpongle,0,0,0,0,0,0.0
Blur,0,0,82,3,0,0.48522727272727273
Coldplay,7,21,74,3,35,0.5907555282555284
Air,0,1,85,2,1,0.4654176904176905
Soilwork,0,0,0,0,0,0.0
Faith No More,0,0,0,0,0,0.0
NOFX,0,0,0,0,0,0.0
Amon Tobin,0,0,0,0,0,0.0
Beirut,0,0,0,0,0,0.0
M83,0,1,84,1,1,0.4233722358722359
Daft Punk,6,12,88,4,24,0.6472972972972973
The Hives,0,0,0,0,0,0.0
At the Drive-In,0,0,0,0,0,0.0
Sigur Rós,0,0,85,2,0,0.4613636363636364
Jimmy Eat World,0,0,0,0,0,0.0
Nine Inch Nails,2,13,84,4,17,0.6007371007371007
Ratatat,0,0,0,0,0,0.0
Caribou,0,0,0,0,0,0.0
Wilco,2,6,85,3,10,0.5394041769041769
Anberlin,0,0,0,0,0,0.0
Mazzy Star,0,0,0,0,0,0.0
Arctic Monkeys,0,7,82,3,7,0.513605651105651
Weezer,0,2,80,3,2,0.48424447174447177
Morcheeba,0,0,0,0,0,0.0
Emery,0,0,0,0,0,0.0
Tom Waits,2,7,84,4,11,0.5764127764127764
Arch Enemy,0,0,0,0,0,0.0
Devendra Banhart,0,0,0,0,0,0.0
65daysofstatic,0,0,0,0,0,0.0
Symphony X,0,0,0,0,0,0.0
The Cardigans,0,0,0,0,0,0.0
Pixies,0,0,86,5,0,0.5784090909090909
Marilyn Manson,0,4,74,2,4,0.42757985257985265
AFI,0,0,0,0,0,0.0
A Day to Remember,0,0,0,0,0,0.0
Röyksopp,0,0,0,0,0,0.0
Four Tet,0,0,0,0,0,0.0
Mando Diao,0,0,0,0,0,0.0
Dashboard Confessional,0,0,0,0,0,0.0
Opeth,0,0,84,1,0,0.4193181818181818
Deerhunter,0,0,0,0,0,0.0
Dead Kennedys,0,0,0,0,0,0.0
All Shall Perish,0,0,0,0,0,0.0
Placebo,0,0,72,1,0,0.3647727272727273
Goldfrapp,0,0,0,0,0,0.0
The Decemberists,0,0,0,0,0,0.0
Blonde Redhead,0,0,0,0,0,0.0
Nick Cave & The Bad Seeds,0,0,85,3,0,0.4988636363636364
The Radio Dept.,0,0,0,0,0,0.0
Ryan Adams,0,0,0,0,0,0.0
Dinosaur Jr.,0,0,0,0,0,0.0
Sade,4,6,78,2,14,0.48630221130221135
Ludovico Einaudi,0,0,0,0,0,0.0
Descendents,0,0,0,0,0,0.0
Devin Townsend,0,0,0,0,0,0.0
blink-182,0,0,72,1,0,0.3647727272727273
Yellowcard,0,0,0,0,0,0.0
Foo Fighters,15,30,75,4,60,0.7341523341523343
Jack Johnson,0,0,0,0,0,0.0
Sonic Youth,0,0,84,4,0,0.5318181818181819
Brand New,0,0,0,0,0,0.0
Underoath,0,0,0,0,0,0.0
Yo La Tengo,0,0,0,0,0,0.0
Ska-P,0,0,0,0,0,0.0
Muse,1,8,78,2,10,0.4700859950859951
Kaiser Chiefs,0,0,0,0,0,0.0
Doves,0,0,0,0,0,0.0
New Order,0,0,85,3,0,0.4988636363636364
Aphex Twin,0,2,88,3,2,0.5206081081081082
Isis,0,0,0,0,0,0.0
Eminem,15,44,82,6,74,0.8977272727272727
Slayer,2,5,82,3,9,0.5217137592137593
Children of Bodom,0,0,0,0,0,0.0
Apocalyptica,0,0,0,0,0,0.0
Eluveitie,0,0,0,0,0,0.0
Cocteau Twins,0,0,0,0,0,0.0
Alice in Chains,0,9,80,3,9,0.5126228501228501
Rob Zombie,0,0,0,0,0,0.0
Eagles of Death Metal,0,0,70,0,0,0.3181818181818182
Okkervil River,0,0,0,0,0,0.0
Eels,0,0,0,0,0,0.0
Whitechapel,0,0,0,0,0,0.0
Charlotte Gainsbourg,0,0,0,0,0,0.0
Meshuggah,0,0,0,0,0,0.0
Misfits,0,0,0,0,0,0.0
Dance Gavin Dance,0,0,0,0,0,0.0
Peaches,0,0,0,0,0,0.0
The Killers,0,7,78,2,7,0.45792383292383293
Creedence Clearwater Revival,0,0,82,4,0,0.5227272727272727
Incubus,0,2,68,1,2,0.3546990171990172
Guns N' Roses,0,3,80,4,3,0.5257985257985258
Beck,2,15,84,4,19,0.6088452088452089
Garbage,0,7,76,1,7,0.4113329238329238
LCD Soundsystem,0,7,87,3,7,0.5363329238329239
Aerosmith,4,12,74,4,20,0.5674447174447175
Ladytron,0,0,0,0,0,0.0
The Cure,0,3,82,4,3,0.5348894348894349
Reel Big Fish,0,0,0,0,0,0.0
The Black Dahlia Murder,0,0,0,0,0,0.0
The Devil Wears Prada,0,0,0,0,0,0.0
Dimmu Borgir,0,0,0,0,0,0.0
Steely Dan,4,8,82,3,16,0.5500921375921376
Flying Lotus,0,0,0,0,0,0.0
Atlas Sound,0,0,0,0,0,0.0
Great Lake Swimmers,0,0,0,0,0,0.0
Avantasia,0,0,0,0,0,0.0
Kings of Leon,4,8,74,2,16,0.4762285012285013
Stars,0,0,0,0,0,0.0
Fall Out Boy,0,1,70,1,1,0.3597358722358722
Kings of Convenience,0,0,0,0,0,0.0
Andrew Bird,0,0,0,0,0,0.0
Porcupine Tree,0,0,0,0,0,0.0
Kate Bush,0,3,84,3,3,0.506480343980344
Dream Theater,0,2,78,1,2,0.4001535626535626
Amorphis,0,0,0,0,0,0.0
Alesana,0,0,0,0,0,0.0
Booka Shade,0,0,0,0,0,0.0
Pearl Jam,1,7,80,5,9,0.5876228501228502
Snow Patrol,0,2,68,0,2,0.3171990171990172
Billy Talent,0,0,0,0,0,0.0
Bloodhound Gang,0,0,0,0,0,0.0
